Região/Unidade da Federação,2007/Ago,2007/Set,2007/Out,2007/Nov,2007/Dez,2008/Jan,2008/Fev,2008/Mar,2008/Abr,2008/Mai,2008/Jun,2008/Jul,2008/Ago,2008/Set,2008/Out,2008/Nov,2008/Dez,2009/Jan,2009/Fev,2009/Mar,2009/Abr,2009/Mai,2009/Jun,2009/Jul,2009/Ago,2009/Set,2009/Out,2009/Nov,2009/Dez,2010/Jan,2010/Fev,2010/Mar,2010/Abr,2010/Mai,2010/Jun,2010/Jul,2010/Ago,2010/Set,2010/Out,2010/Nov,2010/Dez,2011/Jan,2011/Fev,2011/Mar,2011/Abr,2011/Mai,2011/Jun,2011/Jul,2011/Ago,2011/Set,2011/Out,2011/Nov,2011/Dez,2012/Jan,2012/Fev,2012/Mar,2012/Abr,2012/Mai,2012/Jun,2012/Jul,2012/Ago,2012/Set,2012/Out,2012/Nov,2012/Dez,2013/Jan,2013/Fev,2013/Mar,2013/Abr,2013/Mai,2013/Jun,2013/Jul,2013/Ago,2013/Set,2013/Out,2013/Nov,2013/Dez,2014/Jan,2014/Fev,2014/Mar,2014/Abr,2014/Mai,2014/Jun,2014/Jul,2014/Ago,2014/Set,2014/Out,2014/Nov,2014/Dez,2015/Jan,2015/Fev,2015/Mar,2015/Abr,2015/Mai,2015/Jun,2015/Jul,2015/Ago,2015/Set,2015/Out,2015/Nov,2015/Dez,2016/Jan,2016/Fev,2016/Mar,2016/Abr,2016/Mai,2016/Jun,2016/Jul,2016/Ago,2016/Set,2016/Out,2016/Nov,2016/Dez,2017/Jan,2017/Fev,2017/Mar,2017/Abr,2017/Mai,2017/Jun,2017/Jul,2017/Ago,2017/Set,2017/Out,2017/Nov,2017/Dez,2018/Jan,2018/Fev,2018/Mar,2018/Abr,2018/Mai,2018/Jun,2018/Jul,2018/Ago,2018/Set,2018/Out,2018/Nov,2018/Dez,2019/Jan,2019/Fev,2019/Mar,2019/Abr,2019/Mai,2019/Jun,2019/Jul,2019/Ago,2019/Set,2019/Out,2019/Nov,2019/Dez,2020/Jan,2020/Fev,2020/Mar,2020/Abr,2020/Mai,2020/Jun,2020/Jul,2020/Ago,2020/Set,2020/Out,2020/Nov,2020/Dez,2021/Jan,2021/Fev,2021/Mar,2021/Abr,2021/Mai,2021/Jun,2021/Jul,2021/Ago,2021/Set,2021/Out,2021/Nov,2021/Dez,2022/Jan,2022/Fev,2022/Mar,2022/Abr,2022/Mai,2022/Jun,2022/Jul,2022/Ago,2022/Set,2022/Out,2022/Nov,2022/Dez,2023/Jan,2023/Fev,2023/Mar,2023/Abr,2023/Mai,2023/Jun,2023/Jul,2023/Ago
RO,4209.37,16397.03,133645.19,346912.84,711758.31,1829559.71,1940792.63,1955721.68,2143353.81,2280382.58,2624542.97,2973421.02,2938286.29,2843930.91,2878153.2,2780022.62,2651804.89,3147566.24,3082108.12,4190355.33,4040251.62,3946423.71,3372377.96,3720608.86,3787323.26,3679369.94,3866146.99,3667808.6,3633471.79,3812315.59,3911776.03,4663060.75,4524544.88,4778755.26,4369733.23,4632439.12,4464307.47,4668642.02,4490368.23,4423840.08,4384430.09,4173529.95,4293085.61,4674947.02,5087527.81,4724192.54,4690112.05,4319488.17,4778472.22,4202805.84,4372265.77,4389025.81,4045339.34,4472721.53,4417486.2,4859795.35,4590008.82,4579463.54,4467858.99,4160296.03,4315005.38,4043314.46,4289759.65,4138600.85,3966744.3,4471693.32,4378412.9,5495946.92,5380890.26,5170015.34,4899586.21,5526959.19,5889685.39,6367552.03,6299844.72,6685861.76,6163036.06,6349302.0,6059111.35,6740436.14,6584249.21,7558087.91,6934864.98,7150611.14,6957882.67,7057715.9,7096778.4,6965306.56,6803544.72,6983698.79,6624059.46,7501596.28,7365022.91,7645734.88,7545619.91,7438604.96,7233618.24,7425981.15,7654315.58,7429006.24,7580768.75,7025175.6,6760305.81,7779822.21,7707892.66,8560529.9,8355165.66,7845709.98,7931146.33,7554941.74,7963674.01,6964512.59,7174445.57,7007236.18,7154710.19,8762491.6,8133488.55,8140639.49,8041248.8,8199032.67,8363386.07,7889819.5,8603943.85,8048398.25,8159737.49,8457455.71,7766983.2,8858845.57,8407076.44,9492938.92,8206195.92,9011612.58,9124967.84,8406732.72,8411360.02,8651081.66,8193425.99,8388269.45,8645315.78,9050329.13,9211262.51,9490545.02,8600886.2,8919190.86,8909111.89,8409386.09,8924348.41,8948605.66,8660753.05,8328381.43,8431334.62,7251287.2,7491953.39,8962121.79,11069824.97,10608659.34,11578639.5,9017298.72,8280299.95,8910917.1,9470294.38,10054596.96,10695095.99,18175680.97,17826050.2,17956568.35,15025855.02,13848801.07,11704112.73,10146161.5,10831883.26,11714235.3,12179179.1,12781082.28,11685770.02,9815970.19,9560032.16,9627711.03,9682221.68,9464870.11,9525352.64,10315408.29,10049214.05,10172549.54,10171206.31,10740989.45,10016556.6,12293282.07,12219359.19,11890194.03,10665326.68,8605286.31,6663659.44
AC,10470.07,14001.71,86200.85,301323.68,769612.36,1731744.62,1743978.66,2057439.02,2057829.69,2226577.93,2112576.82,2029128.01,1886871.84,2084884.8,2230838.45,2122013.12,2196651.69,2152239.3,2086775.61,2476364.26,2396887.63,2610261.8,2174098.1,2051885.16,1714707.91,1341532.34,2288458.9,2462712.79,2254900.2,2381535.93,2079981.05,2564837.77,2588318.06,2538525.67,2319786.41,2279156.6,2454599.37,2578923.75,2625443.29,2512995.15,2500589.76,2749521.65,2473515.82,2801446.23,2672803.31,3135521.3,2719044.65,2814550.89,2923529.36,2804546.95,2773202.98,2711168.25,2765187.44,2804275.11,2460383.33,3062146.31,2780466.09,2811471.16,2813012.39,2946976.72,2801590.13,3089898.24,3049071.15,2858028.89,2642140.91,2774802.96,2650391.04,2813059.49,2906257.88,2893275.56,2687861.43,2940387.36,2895941.14,2824796.19,3034232.68,2682370.65,2680655.0,2880570.12,2611479.72,3026117.7,3116433.45,3166557.72,3138759.74,3011898.65,3111431.36,2630560.39,3079894.04,3191663.93,2862824.95,3136522.53,2901829.7,3043474.78,3139472.52,3096430.52,3334482.41,2953212.26,3162075.03,3109856.27,3177087.64,3097868.79,3059992.59,3168190.91,3037922.8,3271599.56,3207893.15,3402393.7,3380644.97,3566107.55,3523208.57,3173932.43,2911080.18,3082652.71,3173509.52,3009727.19,3134471.01,3586781.3,2811365.43,3161446.53,3355223.35,3562691.54,3375296.64,3341497.58,3358378.05,3145385.44,2638773.92,2968168.75,2769797.39,3057631.96,2874965.31,3175575.17,3060903.21,3253011.61,3040645.05,2926179.27,3126120.64,2473454.85,2277493.49,2594347.32,2234388.36,2473008.49,2979764.77,3070533.95,3249052.69,3567538.64,2981072.98,2998860.31,3293378.97,3174249.43,2959569.09,3276790.55,2985763.71,2939675.2,2672857.33,2940827.86,3914823.86,4053085.41,3658265.59,3470648.64,3267918.69,3497348.48,3820865.83,4175526.06,5282699.64,5713881.54,5218955.01,4671541.29,4237769.92,3756879.42,3613820.77,3285173.43,3396545.07,3708073.81,3274320.19,3448099.28,3434881.55,3612346.86,3431795.07,3439533.04,3419032.04,3657850.29,3894498.82,3529504.71,4040340.45,4029748.15,3956231.61,4031485.58,3681605.49,4621768.84,4396294.92,4782589.78,4942017.56,3825134.08,2036113.5
AM,35752.72,45570.64,416012.3,2020381.79,5949408.99,11419210.08,7934652.1,8641517.13,8531576.49,9079902.15,8646295.77,8755806.5,8331763.97,8148089.92,7681661.02,7761445.21,7764782.66,8607222.74,8385962.92,9207129.28,8160517.2,8562322.43,9484998.71,9465068.52,9267006.58,9092823.55,9218407.34,8674068.02,8365788.46,9386945.03,8373048.81,10321150.01,9990164.13,9767161.23,9151838.5,9140196.88,9437224.41,9742680.49,9996686.44,9532878.27,9335803.05,9800511.52,9461664.54,10954545.77,10529645.04,10105494.01,9966359.03,9972847.16,9965893.92,9861030.02,10206641.46,10735915.35,8702766.18,10037664.68,8977728.1,11048686.39,10472290.4,11490377.42,10677441.18,11010010.57,10766405.24,9569712.9,9989822.59,9957925.62,8918794.96,10855590.98,9429474.72,10170130.9,10539428.15,11110036.76,10467110.16,10400642.04,10851212.49,10420922.29,10599000.25,10244521.6,9306819.97,9474986.9,8225118.03,9923980.1,10308887.72,10398106.16,10613208.66,10530622.36,10789449.65,11373085.93,11780494.51,11275532.44,10959544.5,12149857.06,11363981.9,13379237.72,13159168.82,12962255.41,13423538.07,13253844.31,13457422.49,12622284.09,13088040.45,11495628.09,11596671.58,11543911.29,11990242.08,13508906.38,13067645.44,13633627.87,13143225.36,12692419.45,12517962.68,11634453.4,12121775.2,10806653.19,11933902.28,12214148.15,11689140.72,13474719.8,13717831.75,13909566.03,13718828.46,14396210.86,13745304.22,13979792.94,13895515.9,13518116.8,13635186.02,14549450.86,12753555.36,14749409.47,14577930.81,15381061.96,14653650.77,15544595.79,16374961.41,15343340.93,16249963.61,14255408.82,14274053.94,15358914.0,14100074.56,16103971.89,16154491.82,16529976.06,15509984.83,16642220.71,16493719.52,15351607.47,16339427.95,14821977.5,14965815.9,15982353.42,15166470.82,14817551.6,16384086.61,19629685.1,18438092.88,19305534.94,18698372.12,18639116.65,18748114.13,20574024.48,21978916.78,27792843.89,25342271.56,26813658.84,24416500.77,23995302.64,22609998.75,23367088.66,20481899.02,18358457.36,19001263.2,18658547.33,18095878.94,19962975.25,17531442.6,20135835.39,18859622.5,21122856.65,19886874.84,20805549.96,21990777.68,20706703.76,20374891.79,19430986.32,18254068.2,18240136.15,18092793.18,20887366.24,21078288.95,22816701.33,22253915.19,20493652.36,14405538.4
RR,4785.91,11858.63,43852.67,369328.51,470676.43,808448.39,771687.83,876091.18,896952.53,1027288.73,938293.54,1004340.44,1045291.11,1003740.89,1055063.43,1223200.73,1236529.18,1186281.36,1106225.18,1422690.18,1377859.19,1363883.01,1346660.89,1371019.37,1529696.18,1573418.68,1517391.92,1597811.24,1536941.82,1617781.76,1452295.35,1817004.16,1715762.1,1933733.03,1849065.95,1877204.62,2046063.98,1939488.67,1757675.71,1528245.34,1485166.6,1604886.45,1220176.72,1276120.86,1379942.19,1679122.67,1770324.67,1646157.39,1656379.5,1802450.34,1856131.44,1655521.98,1620351.06,1605536.38,1625159.47,1768605.61,1589072.69,1982657.11,1782557.43,1743562.81,1822724.18,1637458.04,1374247.23,1613270.45,1586569.21,1712994.69,1483195.3,1783411.48,1713083.73,1724464.55,1965346.91,1835094.3,1816091.81,1741449.49,1779522.8,1698450.51,1739855.56,1649617.13,1444697.49,1828395.54,1743474.24,1939379.14,1778530.78,1839321.94,1818003.17,1890924.98,1792376.75,1929194.87,1927452.43,1952679.49,1650143.01,1806730.29,1967249.27,2002239.47,2200465.33,2230544.02,2285467.53,2215191.54,2005870.76,1937208.01,2000028.1,2306946.41,2000924.9,2333218.37,2069716.58,2105130.54,2390060.15,2324710.08,2476903.43,2212516.5,2349084.57,2184836.8,2380057.58,2370359.62,2256529.94,2602191.08,2392160.3,2761536.23,2699213.85,2682746.28,2891100.2,2737677.78,2693726.29,2671451.53,2688315.7,2740952.07,2478349.44,2674958.94,2721261.19,2844811.66,2967161.35,2841587.97,3328230.63,2878691.04,2964324.32,2524712.4,2462451.64,2662240.18,2499996.16,2846135.56,2789823.29,2839389.53,2647540.2,2865777.71,3181321.82,3070436.96,3162342.44,3121104.71,2889969.87,3084561.08,2967159.04,2813954.05,2306119.95,2921522.16,3300012.98,3192075.41,3262354.34,2978629.22,3313296.78,3531874.44,3193708.89,3557821.99,4172285.82,5427226.7,4192540.54,3684756.77,3508760.16,3523628.56,3600006.56,3092674.99,3108587.91,3042618.65,3172132.2,3548553.64,3037529.55,3970321.96,3257248.48,4197999.67,4299053.65,4506497.75,4618378.13,4667747.4,4531026.4,4672985.43,3837710.72,3970057.61,3568884.82,5034623.41,4214754.88,4264412.63,2728019.67,1679054.65,725887.92
PA,181159.29,433414.74,1893197.5,5105406.44,13162823.43,21762104.16,20126081.01,22149375.82,23436682.75,23861080.8,23502915.9,22544291.26,23259148.28,23667690.01,23352577.75,23537613.41,23836162.4,25397157.43,23045700.7,28225957.76,27478025.61,26610951.91,26424970.11,26331756.26,27892582.69,27231854.35,27599957.69,26784181.74,25511285.54,26421157.74,25483553.06,28537493.86,26949923.37,28436425.05,26947713.85,26125357.73,27761867.94,27280175.15,26522062.12,26687663.81,26322040.53,27999789.2,26170892.65,29193123.8,27294759.31,27759327.87,26458847.52,25646178.94,27348214.64,27122078.56,27151997.82,27076766.56,25935603.25,26931701.79,25389310.74,28704612.93,26847966.6,28536479.38,24989145.96,23915410.75,25339308.28,26463528.52,27078939.15,25649589.97,24231259.58,27488235.67,24858606.41,28385955.37,29935288.76,30031113.55,28287779.49,27834188.35,28495723.69,28476294.93,29356437.61,28086219.41,27125004.59,29767266.18,27835380.47,29163415.18,29555562.23,29906534.73,28163413.4,29162727.48,29042208.36,29657868.87,28900904.08,29550827.16,27962491.97,28691072.01,26549566.21,31911102.11,29750854.64,31054967.78,29235281.56,29501440.59,28931804.95,29476810.94,29458486.92,28477062.76,27489497.15,28500205.13,27179920.78,31117998.99,30192626.29,31099655.36,30920858.9,29971249.77,32160799.99,32271083.66,30090090.28,30190160.1,29399653.85,31598256.46,28219353.4,34021215.17,30540036.73,33921112.99,31808597.47,32133134.42,33770556.65,32979925.38,33665042.35,33475545.29,32067934.67,33615836.09,30623491.62,34121931.0,35039954.2,35424611.06,34160283.18,34484949.49,35618364.04,34380916.9,38441090.5,33583538.08,32789354.87,34513534.8,31885919.67,33236155.79,31008924.95,31064106.5,28543179.3,36713929.36,36462011.47,36792954.02,36984314.6,35579251.49,35247659.3,37046350.76,34683341.17,34908420.5,29184688.3,43336950.39,41046394.84,40533687.35,38864252.14,37003357.15,38507479.7,37228236.49,37925512.28,39081232.41,37132226.28,49871333.67,52739833.2,52792065.76,49007416.51,45354581.45,44039401.85,42575519.53,43958387.49,44304676.89,45198760.82,44692563.82,41419106.9,45832018.14,44812287.59,48533088.62,46152682.2,45425693.69,46383223.14,45616732.54,45477279.2,45952478.61,45055260.27,48234409.1,43513514.97,50938440.73,48148818.34,52211031.92,47777534.84,41483958.96,33968335.86
AP,33672.74,104822.98,118378.28,226661.18,844019.9,1329876.61,1275063.72,1177745.93,1396371.51,1411520.77,1420892.01,1367235.47,1550340.63,1550166.99,1635676.5,1647903.31,1649380.76,1702307.43,1617603.91,1863376.5,1899215.36,1929012.06,1776155.94,1765731.76,2038762.73,1820033.62,1806092.38,1669318.82,1551083.36,1713037.45,1448489.25,1850181.41,1860225.48,1739371.09,1826492.45,1827433.46,1933782.6,1721224.14,1679410.24,1672233.87,1514787.77,1865892.98,1684178.33,1916700.22,1961976.04,1868835.95,1644399.84,1754611.59,1896266.48,1805783.3,1890071.25,1824489.66,1596201.03,1876466.36,1790176.91,1914026.23,1873009.95,2141271.36,1858153.83,2008511.81,2091388.06,1955058.92,2067357.5,1875480.25,1698096.96,1984150.33,1816966.55,2054213.74,2212994.19,2127151.29,2030072.9,2018989.22,2030265.74,1998378.04,2302382.78,1914523.39,1861538.38,2175830.82,1835760.6,2030063.08,2170445.98,1925149.16,1839113.66,1940056.21,1920353.35,1966897.86,2002560.03,1546358.63,1444087.11,1643867.04,1596872.07,1941475.46,1879849.54,1883885.3,2027129.41,2011512.1,2011212.92,2099809.71,1852746.03,1785754.7,1582904.81,1643327.69,1634178.49,1875981.8,1927461.31,1921705.65,2075852.44,1874227.86,1804640.32,1758596.38,1766504.15,1603000.31,1747780.08,1818874.15,1558585.21,2040910.24,1813477.93,2125677.11,2128578.23,1873120.82,1990850.21,1920807.56,1915176.64,1782927.17,1610779.22,1888216.67,1756846.0,1869746.5,2009211.4,2092229.29,2047927.0,2260210.72,2408659.24,2369223.52,2588154.29,2298458.18,2356798.88,2441325.03,2564176.12,2604263.92,2573615.74,2127851.77,2632890.52,2445874.82,2173060.89,2541342.33,2540183.86,2239443.36,2141400.83,2351019.41,2342718.63,2286375.9,1774558.12,2761503.37,2735248.12,2536642.73,2702550.32,2533445.46,2762003.36,2714710.93,2841469.69,2786277.13,2664375.13,3965219.9,5163966.21,5775751.69,5584106.36,4838664.55,3270848.94,2591304.85,2609596.55,2503056.5,2832172.53,3135685.24,2757771.34,2778694.28,2976824.72,3245290.79,2940850.68,3222395.54,3326920.56,2959936.34,3321503.57,3032253.4,2836766.19,3154659.59,2996757.48,4543352.1,4604623.55,5777218.04,5493103.92,3073655.35,2792863.71
TO,4113.76,76633.06,343702.61,1068685.94,3022200.87,5136474.61,5051932.07,5200151.87,5343714.73,5344487.99,5398413.09,5061461.61,5213290.38,5201400.94,6013071.44,5205114.37,5614918.9,6022437.54,5984209.71,6640964.62,6461045.18,6622397.84,6302602.71,6330494.8,6657016.75,6279823.8,6637175.55,6452478.1,6290881.84,6255630.25,5772248.05,7121727.92,6815944.93,7052458.27,6354241.96,6872599.57,7006975.71,6681951.92,6805280.69,6574975.36,6386157.99,6941869.25,6599081.65,7413705.96,7052696.3,7347972.12,7195700.99,6692342.1,7354563.65,7001655.77,7163042.27,7387432.12,6918937.72,6911629.24,6861305.7,7962642.54,7569569.03,7873544.5,7029694.26,7309756.3,7533961.4,7065536.0,7253945.2,7059428.07,7126175.36,7149726.9,6867397.84,7930788.14,7843197.37,7985534.08,7339724.75,6973385.81,7282719.7,7583823.22,7602010.31,7166668.22,6801991.2,7145654.9,6692304.82,7216016.89,7593666.16,7938065.44,7453874.63,7666792.36,7671320.07,7647894.51,8198652.9,6957903.45,7091428.86,6509554.73,6150808.12,6987992.01,7089569.37,6797438.68,7054458.82,6576820.03,6777026.62,6354334.8,6409616.56,5793834.87,5471576.16,5984657.32,6135319.66,6578319.07,6829072.67,6692200.88,6685793.03,6349955.78,6364449.44,5802559.93,6095598.53,6143712.1,6300553.48,6198970.34,5949471.9,7390529.49,6196834.14,6542051.61,6590321.02,6148782.34,6485259.2,5585288.0,5603258.02,4713046.68,5506366.07,5632745.75,4710764.24,5120953.06,5347244.49,5955968.29,5484401.52,5445767.44,5514866.91,5486178.29,6041880.73,6217142.03,6269869.67,6462574.69,5785900.15,6588080.47,7235519.78,6957234.52,7127258.56,7117047.32,7140062.79,7119991.29,7587986.9,7594175.34,7573064.95,7228056.0,7343446.18,7028319.68,6261458.26,7393291.62,7925226.42,8612964.02,10017908.88,8906920.62,7506724.74,7909740.7,9104099.56,8875575.15,9103606.62,10272625.02,9767218.78,11151583.51,13596258.09,12627250.89,10981256.29,9263474.64,7613940.44,8283907.79,8366723.85,9570713.96,7947694.14,8184748.37,7906308.99,8238652.95,7270832.76,7809159.47,7975608.04,8241447.19,9088239.46,8489605.49,8432453.16,7800730.72,7308900.7,9391509.68,8327289.4,9616158.68,7981779.56,5292783.44,2846132.45
MA,385330.18,1018352.93,2277717.78,4334468.23,8832514.85,21551600.33,13452263.93,14750895.33,15148647.11,14543679.92,14553978.06,14536700.2,14609872.57,15317881.85,15617699.59,15643973.86,14644528.47,16509174.38,15323800.01,19000528.61,17947811.13,18274483.44,18108112.36,18026071.2,18566524.68,18710607.19,19044993.31,18373019.22,17558736.88,19282093.56,17569101.52,21316090.03,19804547.24,20646225.47,19887224.9,20272804.23,20504334.4,20002266.78,19676260.18,19181018.8,18372770.76,20558875.99,19977629.75,21051962.55,20427859.83,20394245.38,19651953.64,19996700.68,21580703.66,20245794.42,20333768.64,20641565.65,20042052.18,21667842.68,19843187.4,22311315.33,21936710.14,23865479.84,21477051.21,22217034.78,22983350.39,21299563.46,20978124.04,19399117.4,18634163.75,25223523.33,21445241.15,23985012.99,24523122.2,24949082.24,23923607.23,24260327.35,24690945.46,24827957.99,25983370.02,24020335.21,23174815.8,25507397.81,23801911.56,26335073.33,26008999.98,26222404.44,24688685.01,26226955.69,26179528.67,26066680.11,26207062.17,24976037.03,22979116.71,25049018.48,23003880.1,28163775.92,27547788.24,27864371.07,25355645.36,27145080.93,27057062.67,26150180.05,26479823.13,24295018.99,23481603.93,25342093.08,24770109.12,27033644.24,26550992.08,27668448.68,26541084.89,26038455.97,27787730.99,26367201.43,25379027.33,23815165.49,21545188.48,25974936.92,24751494.41,28805352.55,26096854.7,29029435.38,27369757.54,28508384.46,29440485.85,27325691.83,28743285.7,28083157.75,27083233.19,29533585.94,26459576.87,29909296.94,30897068.02,30281504.24,28453973.46,30806965.3,30838532.57,29976987.17,31050245.52,28237905.9,27802462.95,30160826.23,27614666.06,30322908.98,30475196.99,32603116.94,29836256.42,31364469.75,31374933.66,31617443.39,30205022.97,31081861.45,29882634.85,31683504.16,28876348.04,29401096.62,24555641.06,34869640.6,35963647.28,34064379.55,32800876.32,32203657.61,34707246.87,32844688.99,32003703.63,31276121.59,36067696.47,54734968.85,52316097.83,56197851.8,54725689.53,45106647.58,42885216.36,36568453.78,37425279.5,34856023.98,35395314.77,39130485.92,33779956.22,37889907.56,36527008.31,40684921.36,37907711.58,38304923.14,40980683.33,37433400.31,38678497.05,35882717.69,36518499.98,38887699.73,34053472.34,40655818.09,37215336.83,40735859.61,38379115.38,30889581.91,22973925.83
PI,220788.25,353468.67,1078182.68,2406035.32,4929772.93,11375419.37,9711680.2,10428191.09,10227943.0,10562148.66,10465088.93,10618079.7,10645917.52,11037940.55,11143375.71,10583049.66,10151738.46,12411956.66,10896197.27,13754374.44,12570578.13,12936419.98,12205840.71,12883412.78,12877691.95,12537411.48,12541516.67,12421929.89,11098207.01,12554360.19,11398067.83,13606085.88,12157142.1,13077016.55,12062273.73,11786099.56,12297891.7,11996938.27,12414864.25,11686383.33,11412747.89,14716927.74,12265757.09,13187651.73,12678417.26,12675205.11,12160076.86,11919067.3,12159124.51,12562834.87,12203495.51,12160989.36,11608735.33,12834140.49,11611101.59,12743982.18,12211230.16,13641916.12,12513374.69,13241101.64,13237685.63,12920892.43,13014911.78,12099537.09,11893570.28,13407770.12,12301152.67,13957685.19,15159216.27,14651845.08,14822072.98,14374218.21,14091252.29,13859943.48,14082278.8,13194957.82,12195808.15,14073144.03,13340653.42,14008839.63,13964766.06,14459727.73,13753793.88,14608648.02,14763457.58,14439476.37,14293771.07,13865890.04,13230955.5,13597811.08,12615331.21,14868279.77,14777162.8,14666785.68,14456477.69,14457752.47,15029870.3,14935364.43,14778012.73,14278653.98,13980063.87,14668912.87,14211959.72,15831441.29,15724013.35,16420434.62,16255227.09,15885221.21,16317458.71,15699225.71,15292962.1,14904386.72,14303401.01,15650158.5,14664067.48,16818930.13,15761679.42,17035378.7,15570345.11,15403020.27,15776513.25,15307387.92,15656346.1,15605461.66,15042889.08,15979472.64,13650452.44,16164249.27,16313578.41,17326137.62,16132887.17,16216685.5,16550617.02,15762154.38,16801426.8,15744012.68,15613156.37,17010447.14,15583952.56,16878130.0,16779468.57,18098798.22,17225521.72,17598226.91,17909103.74,17916788.9,19248301.34,17696390.12,16846903.02,17313368.84,16308573.14,15610003.59,12321378.29,15659517.02,18772428.2,25817440.95,22513065.47,20664151.26,20388536.85,20527031.09,20336529.86,21846399.38,20422666.9,31741810.2,32609930.28,32906497.59,27570274.74,24163275.61,21222565.02,20938244.43,21795547.29,21492459.61,20580947.72,21991242.46,18859149.06,20539916.47,19568380.91,21585114.95,20112863.88,20622341.83,21658391.67,20692906.6,20979558.84,20474808.49,19660340.8,20886379.94,18842409.9,22597398.78,21021918.46,24234187.77,22043390.46,22099111.73,19051255.1
CE,357904.65,572356.18,1865065.71,5131814.39,10798042.86,32444328.54,27643304.86,30085370.22,31376221.0,31189904.62,29463965.11,30302691.99,29304821.51,30435026.82,31741382.87,30415959.6,30263904.48,32123065.16,28875478.53,36018826.32,35445605.9,34894016.82,33399345.34,34459796.32,34129887.37,33410351.78,33743129.25,32285582.67,31981440.73,34001962.62,30730683.21,36109330.17,34139573.93,36838614.26,33486379.49,34320454.26,35533813.82,34034162.5,34092124.7,32807749.83,33208844.5,34637771.87,34649389.56,37658012.21,35683387.3,37260046.55,35867328.04,35178216.83,37364680.23,35239070.35,36947961.07,34802724.85,33077649.92,36096857.16,32142627.23,36331662.36,37735485.88,38662410.92,35663161.49,35934796.17,37311486.4,34850162.08,36964075.37,34416532.18,32662038.1,38349081.02,35710935.71,37814006.7,41827390.37,43072821.35,38194053.44,41101106.03,42525459.89,42492881.2,42082341.42,39804364.0,38788968.55,43406080.99,40370559.34,42995110.12,43491392.46,45375942.02,43578891.04,44455375.37,43554682.26,43024685.91,43552544.65,41205055.49,41485750.34,40993737.5,39541875.33,45207226.27,44159232.24,43104628.26,44518659.07,45132349.62,46763315.18,44132910.0,45894923.72,43000231.27,41558755.83,43547264.94,41106872.3,45692292.37,44061138.42,47702073.43,47592767.97,46220278.85,47949470.12,45273409.51,43521704.45,43769366.37,42224905.99,44446965.72,41017070.43,48433708.73,44438681.32,47759433.66,47753431.2,47856726.4,48455531.04,45911450.82,49168014.0,44762709.92,44454591.39,48586284.74,42120360.66,48637258.49,50805625.71,51998581.31,47406805.41,47916557.96,51376446.25,46560335.78,52269402.53,47717852.54,45236961.32,51302833.45,47785981.54,50654425.8,52351065.78,55401082.34,50027667.42,54340019.6,51672585.01,51801715.93,53962046.29,50215470.13,48450464.27,53141655.93,49237919.6,46722062.34,44975364.08,59201948.37,57240951.26,58565486.65,55164697.15,54403841.65,55641052.93,56510193.29,55334170.42,57477041.8,60172645.47,96615352.0,101092878.24,104561716.13,85992883.38,69320560.98,59219102.88,56577134.66,56610207.46,56459522.49,57228792.7,60651482.53,54600663.61,63519675.73,61289337.75,65007991.22,60537027.63,58731266.78,64577664.14,62259327.73,61689530.88,60310435.26,58032892.47,63407898.89,55639872.01,66940835.75,61640476.85,67918482.17,60645637.15,53711346.47,40906940.99
RN,134605.36,272088.08,684678.3,1695824.89,4730811.68,11763899.23,9110108.87,10126626.54,10964234.85,11032871.23,10450599.08,11119053.52,10812840.19,11258681.53,10572190.95,10164720.86,10753451.61,10413612.51,10721328.37,12298227.11,11640067.28,12397524.2,12629319.37,13174277.04,12744328.16,13440066.99,13526034.42,13153398.69,12493128.23,12729297.56,11551990.57,15162136.63,13649319.45,14242023.19,12551831.85,13470311.65,14156977.75,13940868.0,13272057.48,13473107.56,12788929.15,12536062.22,13775683.96,15002543.01,13984615.76,15356213.36,14674974.35,14911686.35,15091857.51,14663466.45,14558218.98,14198700.51,12533586.82,13949180.34,13731504.7,15962249.68,14103000.27,15274938.97,14518979.01,16234309.86,15610018.6,12229527.01,14799892.01,14132316.71,12878494.94,14757798.33,13559506.12,15838411.28,17440024.33,16749166.81,15541512.94,16883489.54,16138547.88,16141234.37,16161575.67,14419514.6,14117580.31,14495972.22,15446589.32,15633163.65,16870824.64,18069279.41,16234491.93,17895994.39,16240425.94,16325617.03,17078314.28,16553639.98,15860056.93,15834842.78,14775174.9,18639547.97,17463935.46,18459351.45,17784444.68,19203746.35,18494772.94,18225975.9,18262817.06,16917374.24,16715171.62,17064397.41,16627822.82,18525680.92,18430835.46,19989931.07,18196569.43,17616060.68,16553293.83,13672287.29,19082523.58,16785522.38,17241589.89,17959290.06,16181379.83,19366269.16,18279725.32,20227425.64,18861445.44,18766514.59,20028976.78,18531262.6,18122577.13,18169461.87,18118258.43,19045469.42,18254034.58,20972187.31,20717428.9,21991859.64,20909808.17,21544864.14,22666875.35,19926336.21,22290820.67,20445273.59,19382682.35,21176571.73,20770925.83,21775213.78,22206576.63,23819430.58,21613567.61,22137456.57,23073542.4,23438983.02,23086206.33,20354752.02,20140235.98,22205064.78,20518138.12,20939897.73,17832372.41,20430287.05,23060407.9,28614875.56,25807179.42,25136847.15,25351589.19,24477832.99,29096543.83,27456730.91,28424264.0,37159266.52,38469161.11,42367409.69,36468622.9,28725523.88,26566267.24,24717293.86,26241661.49,25267716.23,24865472.95,25841439.92,24997714.05,28634900.09,26555095.37,29509962.42,27030358.37,27267298.24,30294434.97,28655284.51,26717490.12,24712981.9,22146052.95,25508606.25,24262930.35,29093816.98,26360551.21,30221518.65,28459022.48,26734683.95,23443331.55
PB,97352.78,368130.43,1002088.64,2149873.4,5448177.36,16599004.84,10871589.62,12348758.14,12680965.13,13258411.71,12246686.33,13090842.6,12673774.35,12790639.17,12727661.14,12458082.28,12454203.96,13467088.1,12521484.65,16454493.51,15589844.09,16507080.17,14978207.45,16332259.23,16037490.47,15829092.73,17073372.25,15718381.26,14643961.7,15253557.69,14018702.86,16622075.93,16205607.99,17030393.64,15164612.87,16557349.62,16381386.97,15595163.02,15694123.4,15584657.56,14675341.73,14904674.54,15590841.64,16414896.76,15021955.87,15643875.48,14732756.29,14671783.1,15637264.11,15357483.01,14985747.96,14989777.07,14068499.89,14501136.33,13785885.74,15448692.92,14872014.3,16622176.07,14902687.51,16058493.4,16219030.77,15374794.25,15167361.07,15129019.84,14007534.73,15554180.01,14712501.85,16418244.41,17311199.77,17479563.89,15895477.08,17264598.47,16789359.35,16477933.3,16560385.14,15699585.32,15199279.48,16369238.36,15383648.93,16333987.44,16796025.57,17357243.08,16142066.65,17118592.15,16517254.0,16787470.59,16734999.73,16036226.51,14780287.8,15398908.01,13525690.18,16951131.59,16461415.63,16914062.06,15818047.96,17081327.83,17065636.08,16731591.7,16508433.64,15909632.89,14394254.06,15121711.53,14570163.45,16693664.87,16535102.66,17692117.48,15780382.27,16024548.41,16828350.47,16106168.52,15429911.33,15071576.09,14408708.77,15311153.84,14348726.45,18647794.67,16710328.48,18774680.27,17436389.33,17995202.52,19351701.53,18646289.97,18245810.01,17985557.31,16388322.31,17867994.89,16830284.57,18659840.18,18830153.6,19536787.89,18668772.93,19046877.99,19889056.91,18241046.36,18933043.43,18351401.88,17457775.07,18423397.03,18238305.93,19058396.66,19990029.87,20599108.73,18616883.33,20454302.42,19863848.57,19261402.57,20237438.6,18802035.57,17371229.69,18515704.22,17316581.43,17656796.47,15598593.72,19622514.77,22669112.14,22092553.67,19346119.89,17713533.43,17435124.27,17875939.21,20704186.3,21745605.46,23362132.39,32204728.72,30949628.74,39938584.26,33793213.74,27730261.49,25195569.84,24176565.22,25000304.3,23285867.4,22239232.85,25357115.95,24623501.68,23988036.95,22011210.01,25692146.79,22791561.63,21905304.02,23735757.95,22855995.79,23876180.43,23723620.83,22849635.69,23620557.95,21783099.07,26348310.26,25255877.56,27119378.77,26128599.63,27014747.55,22487900.75
PE,400640.85,1088340.42,2973553.48,6699828.82,16919031.39,51279301.86,26222079.1,30716361.81,30589332.79,31424612.72,28947510.92,30985515.77,31705296.79,30703879.2,31165074.59,30889234.12,29759443.94,58860678.33,30040652.29,37060148.86,34835203.66,36112436.7,34552284.59,35306279.11,37159616.41,35870149.7,36738307.53,34220138.11,32946658.4,80198138.99,32174258.18,39706054.71,37944000.34,45008319.0,36269244.62,35930634.79,40115997.38,38197831.72,39425712.74,37843169.54,38139102.6,41176053.61,38059566.95,42147954.09,41326640.46,43514730.75,40563191.68,43391782.15,45733529.87,40912831.26,42857388.2,42501370.91,40128856.85,42706023.83,39879763.09,45788004.65,43584966.63,47977373.68,43138836.28,46771999.46,49237763.12,44628398.27,47334863.53,44686685.41,43153098.13,50687711.54,43691252.74,50737485.08,52226805.74,55804451.21,52345607.64,54418891.31,57414861.05,57179434.48,57834043.27,54208889.93,52431062.39,56416607.07,53767659.08,56952392.67,56492714.44,60739518.81,56866816.85,60971102.71,61868649.19,63477384.97,61101285.28,57319089.25,55984179.59,58472165.84,54027325.56,63945784.64,61041726.15,65442335.41,60373049.71,62162159.01,60805971.29,57258128.24,59955610.88,56503708.05,54457020.28,57807856.25,55583876.71,62032178.13,59119814.14,61956112.41,61422837.21,60625835.1,65008761.49,59763839.07,60526001.7,59514561.74,59479372.89,61761232.9,56383575.84,66847752.21,63614062.64,70078277.39,65931228.02,66686332.96,71431538.77,64196247.13,69361929.48,63161387.39,61493033.36,66784271.34,59286551.5,66010094.38,67848816.1,71209733.04,66926561.13,67763582.78,71992572.97,63777300.61,69232654.1,64612786.62,62068147.67,67615269.4,62461656.17,65066498.96,66103159.27,72969395.98,66638223.8,71328847.06,71735983.26,70960176.87,71495177.78,68501032.97,64863296.06,69640191.25,62570634.25,59730761.62,54355576.52,66617058.74,71220751.98,73812124.72,76261581.44,74253400.52,72689140.69,72676248.09,79544918.03,83167702.1,81916340.52,105907443.59,118438342.12,133110239.14,121607649.07,96036623.68,86715307.01,83639490.7,84214075.75,84060562.79,85194966.23,96269991.81,80444282.13,78595388.66,74043687.38,81951211.61,76289990.54,79248064.68,83752653.7,76286696.56,80045121.73,75973614.86,74973973.32,77964195.26,70575158.94,82666434.68,76691140.92,85126674.18,82487125.29,81486903.04,78146687.12
AL,104243.75,174024.9,595544.54,1125396.73,2564966.65,16738734.95,8112220.3,9210505.56,10466691.94,9844096.03,10345932.06,9385440.4,9262767.68,9228201.96,9464597.85,9578540.01,9361247.91,10121881.47,8994586.4,12040996.68,11651218.51,11471079.17,10955769.81,11345518.14,11715157.35,11732050.72,12050093.88,11895951.83,11016104.25,11200586.26,10243568.76,13197956.95,12543380.7,13186678.0,11564476.61,11698448.97,12689693.74,12333599.13,12248867.23,12103492.69,10972429.23,11056588.96,11826444.96,13178546.52,12260249.74,13929545.92,13077770.57,12384682.24,13505516.97,12250970.37,12510919.09,11794795.34,11053272.2,12151182.51,11536047.61,13019839.94,11788484.17,13059475.04,12106325.02,12853130.25,12691505.6,12142641.64,12860470.41,12235107.81,11677594.3,12748616.09,11538711.5,13929831.86,14402311.14,14843128.3,14700061.89,15446777.61,14224278.78,14662410.51,15036685.57,13674581.11,12076711.03,19979887.91,12326390.97,13645520.42,13400953.47,14397326.03,13721274.31,14843506.14,14481399.0,15446004.19,15365196.67,14445440.07,13376886.78,13274867.57,12199758.61,16548372.34,14874492.31,15273214.63,14996967.34,15291175.7,14635295.54,14206904.05,14856147.85,14297047.54,13726685.97,13708719.16,13006011.79,15636976.37,14666913.83,15728442.55,15088153.62,15729568.42,16325627.2,14222780.25,14796600.93,13923196.77,13025633.74,14996124.94,13333879.77,16232587.23,15260073.74,16734816.88,15508169.95,16475134.53,16993183.55,16039891.1,16428152.87,16460836.29,15069229.61,16464887.7,14108283.71,17291774.71,18077005.49,18191826.64,16601616.44,18017803.2,18221249.82,16273547.19,18387186.62,16335729.76,14723252.84,18082432.87,16437146.09,16383367.36,16967319.09,18401780.88,16679573.91,18105451.2,17668105.59,17495759.86,18415449.46,16437847.47,15994415.78,17373002.95,15316689.61,16118262.71,14779206.17,17254073.33,18404994.61,18521410.72,16775906.7,17266156.31,18254050.19,19172474.25,18566269.71,20166546.25,21754095.18,31011996.73,29611820.55,31140867.42,29063889.69,24334411.52,19068111.85,17960909.79,17390641.56,17258091.91,15917844.12,16115427.86,15986817.79,17788386.89,16456916.21,18432734.04,17281842.58,17726795.16,18609701.65,18248709.68,18647207.25,17661104.15,17483596.9,16975891.52,14841723.6,18703221.06,17586837.81,19444480.87,18249513.32,17361613.04,14397808.73
SE,27453.63,78565.19,122952.94,775705.52,2765495.63,5439985.99,4636850.76,5017838.07,5265951.03,5367094.94,4981036.36,4928822.87,4543252.5,4525676.82,4566052.38,4716241.96,4272627.88,5037054.4,4983217.59,6504862.57,5772732.46,6111674.22,5789895.43,6122676.14,6105674.9,6019912.61,5852499.57,5722988.22,5201100.49,6261031.57,5754032.25,7057311.82,6758264.65,7452360.44,5958403.64,6660243.3,7061516.92,6924628.71,6663604.22,6691150.75,6414642.3,6968224.01,6118138.09,6691472.7,6940307.06,7303909.16,6571158.61,6758626.62,7010745.78,6236863.39,6642982.53,6490917.25,6774334.41,7212872.09,6689285.5,7241289.82,6759208.52,7672774.96,7033729.91,6670113.21,6981434.92,6716706.0,7302294.37,6495979.81,6351967.46,7207953.06,6313899.86,7354369.34,7574311.16,7218462.89,7087563.73,6987961.76,7242863.23,7102433.26,7518507.56,6724924.91,6559904.26,7468888.42,6637162.8,7020003.05,7177930.28,7457106.46,6733743.2,6671295.58,6989490.0,8112680.4,7590057.9,7590459.19,6596047.21,7843092.34,7196944.68,8405314.98,8521463.9,8862222.82,7653250.31,8606222.14,8804258.42,8925787.57,8627422.05,8374171.44,6775642.7,7557370.33,8189897.18,9250036.66,8759100.78,8945155.8,9094975.37,9022040.57,7484338.2,9187980.01,8389736.81,7510959.82,7362904.21,8276586.07,7851142.77,8566628.4,8505926.22,9086764.55,8668664.29,9021660.6,8965880.62,8464509.21,8679325.84,7578998.17,7350893.95,9313556.4,7817772.09,9831536.21,8649405.83,9127323.57,9141588.81,9026038.83,9572164.12,9027721.47,10158387.18,8939051.71,8885595.93,10103253.6,9465338.97,9455876.39,10229651.99,11156849.6,9818775.39,10144599.12,10075280.52,9641013.11,10025778.83,9282433.76,9270303.21,9645991.93,9250072.81,9296195.43,8728462.32,9448548.58,10461830.04,11734687.76,12434101.29,11587830.36,12642933.92,12047763.72,11951223.5,12767264.1,11782716.59,18788725.76,19185713.22,20362626.06,16893768.88,13391165.02,12149849.56,11687403.37,11043744.62,11200219.83,11675082.33,12514381.83,11937783.94,13710072.66,12447938.02,14389748.7,12630371.46,13981829.86,14230736.52,12971834.75,13659171.73,13308706.6,13787809.06,14359346.56,13131124.81,15105725.57,14492372.26,15380137.14,13806516.99,9510137.94,6608875.28
BA,135146.36,448349.75,1382038.11,3348779.62,11948984.56,76476639.57,33410124.06,41381504.33,42826993.62,42150762.06,39910042.4,57664560.93,43254543.33,42851268.02,43332573.68,40946908.97,41424654.95,43856594.59,41094717.03,51476930.68,49627329.12,50686984.15,48851108.39,51075073.25,53386058.82,50894817.5,50114090.45,48792856.88,47427830.7,48612761.25,44513251.78,54612375.13,51537423.45,55436692.73,47478799.39,51149585.31,53626809.52,51013229.85,51499348.41,51206307.37,49579249.89,53682160.16,50740996.73,54919845.32,54324039.31,56094527.67,52211711.68,55144668.28,63185023.98,55095561.14,56919929.05,53594727.48,52884589.16,56236870.8,51303198.23,60630064.83,56054194.58,60521448.27,56236173.44,59433810.78,59215996.5,54813906.57,55997422.52,55231954.15,55315699.53,55620448.25,49629501.64,57985297.33,60189169.87,61450345.67,57608156.48,63266197.29,62484645.48,62163833.25,64729268.56,59202730.98,57277468.21,62753096.09,58834155.47,61074497.07,63334877.61,66194573.43,58265280.47,66299078.59,65818877.3,66103931.18,67823024.71,61539125.9,58530316.47,61349076.3,55045075.39,69408038.96,63117816.99,66628463.92,64203496.81,68297757.99,68367732.63,66487059.16,66313885.35,67210351.43,59462190.64,65605182.9,62769485.03,72446797.45,67430869.51,70806318.27,67059111.05,70907888.32,73472651.35,68563574.3,68140982.51,64219526.49,61669178.59,68797206.12,60422623.96,72167700.1,65700935.01,75576888.18,67489755.47,71945113.75,74232741.02,68218239.74,71764150.87,68346916.52,64802793.52,70361039.97,60870167.48,68977621.88,70895899.4,73083665.68,68427365.23,74877735.12,74697458.17,70616508.53,76593857.76,71627910.65,67597302.07,70193088.29,66837610.7,70059538.29,73335516.66,79489903.05,70572836.97,79663207.13,77894009.75,75464478.42,79344138.94,72319532.73,68799043.63,74414835.96,67821522.06,71092248.85,60152167.47,66711360.25,79003125.84,91601388.57,86261428.56,78363262.99,83573368.19,83164788.61,87669355.74,88218581.81,96947391.35,117958992.86,116622443.04,135805104.5,124957076.23,111012233.57,97213181.96,87564376.13,89363446.55,88945529.56,90777251.98,100093829.08,86377776.48,88419117.85,81969336.73,89742115.38,82623329.09,89361766.9,93265734.9,90209873.48,91194497.94,86575347.49,86939388.85,90728803.68,81921957.79,99852676.77,89774012.39,101919999.38,88138679.59,86766812.31,74652360.7
MG,971394.37,2861781.5,10018011.35,21730281.63,43429517.54,206919107.32,70301089.5,79119005.51,79046322.41,79268070.12,79632111.54,82225138.22,80374117.08,82442262.9,88613476.6,84486996.11,88928630.3,99018155.84,83675119.83,100278446.17,91831325.37,97289703.07,95723396.53,100050008.7,98996918.26,98202119.08,96962394.27,94767639.13,92412770.73,95806556.42,90764890.28,107389850.03,100835953.45,105527641.54,99666115.96,103377831.8,107844259.69,104341138.19,100525403.88,101943625.5,99538953.6,107915784.09,103220248.92,111153070.49,106094329.28,115487199.35,110062460.88,110096959.71,114967082.94,109760526.2,111445298.68,107455123.44,107734782.13,119857069.1,107156833.59,122198209.84,112569278.74,125694495.86,115806809.16,122012643.58,123959506.75,114792200.87,122099210.56,112211647.27,110269165.4,120467849.58,107971894.78,126202162.87,131252895.3,128908897.64,126810882.19,132116004.92,130280549.46,128841100.31,134306684.03,123888837.02,124208668.26,134156154.8,127951654.33,135774700.1,138428778.7,144303552.86,134143143.46,142596691.51,138903608.36,139272170.08,143729182.1,136080717.06,131283422.27,131695638.74,126178230.26,150875041.27,142633350.94,146104517.61,142895530.96,137939925.52,140776921.48,137733786.02,140162221.98,134404734.61,129680657.22,131130880.47,127444062.46,144119735.06,136015892.7,143257941.18,140801563.92,137073316.55,143809880.57,136233922.15,138432800.02,129528892.52,132628617.72,139071414.5,129354377.76,150565495.74,136757173.18,153463006.44,144344273.89,147563494.93,156070932.24,142324847.21,148411754.08,142323944.76,138395972.91,146543691.81,130779645.79,151537049.95,150767039.2,153607663.82,150295632.73,156894652.72,160690005.66,146302265.28,157306548.99,148172783.99,145488563.01,153400152.28,142795922.75,152030823.22,157959772.67,163737927.52,154261921.72,166851094.64,162063017.63,157504770.56,166271299.29,152214192.38,152537387.26,158317086.31,141496451.65,147979900.98,127571935.61,142761094.95,157396509.45,177868691.63,182205967.53,181844143.24,176209744.53,174180999.21,183624435.82,194985014.82,185866589.99,265424780.5,259707079.86,282444790.02,269243375.22,246457588.1,217155438.25,191033502.77,181909284.69,177042591.69,176642805.17,205697277.64,182731891.25,193035960.78,181781785.29,197660400.35,185085963.03,191881484.58,201380313.78,194940280.0,198348237.54,194501790.47,190633994.25,198040895.82,181682340.72,216614513.96,199025790.87,221397423.69,204150067.21,186096042.79,158355147.6
ES,57408.11,284224.8,1152115.25,2296383.23,5724199.54,16212109.41,10032886.43,12262049.08,12453466.98,11789786.09,11889687.35,12205584.14,12384068.19,12486952.61,12846257.93,12885677.54,12531576.01,13448667.55,11902752.05,14490295.47,14203837.61,15160988.21,14348102.03,15198601.34,15633491.3,14884339.35,14470016.36,14561150.72,13832954.49,14019840.33,13041820.98,16875676.05,15184135.29,15913263.87,15189197.44,15929495.86,17000988.44,16055300.15,16763684.01,16487379.66,15459495.21,16030031.21,15811419.6,17702137.74,16397384.2,17707422.11,17618976.32,17455886.16,19188610.12,16778443.83,17491493.7,17527151.96,16297807.56,17148053.04,16786617.91,18660232.19,17052617.59,18723134.38,18137860.29,19880778.72,19375502.24,19258247.92,19200340.35,17956886.69,18264308.06,19123320.52,17941358.17,19869295.44,19890295.23,19979773.02,19406981.92,20365841.76,20876552.66,19758345.74,21145926.8,19684239.72,18868882.32,19447016.21,19411985.68,20977963.39,20372658.3,22330461.67,21090092.17,21982169.59,22804987.55,21863103.85,22522368.57,21389486.83,20805510.82,21106263.86,20051267.68,24110409.95,21302634.65,22841140.15,22570531.17,25126290.22,23284860.41,22397181.09,23697420.39,22834101.87,22484167.74,23555315.86,22336137.3,26420496.56,24355707.5,26580947.54,24891774.42,26244885.05,26136014.92,23782872.02,24716633.41,24409271.46,25304919.68,24961550.27,22510666.96,27035407.52,24900816.95,26707993.4,25313642.38,26021925.5,26797874.7,25336305.29,26875836.29,25257656.9,24276121.39,25480248.19,22686672.67,25266729.61,25975106.39,27444564.56,24444622.13,25716796.37,25498522.61,24338227.14,26158845.99,24671664.41,24683685.86,25201039.31,24710171.75,26740727.97,25981990.55,28690916.87,25936888.97,28550512.79,29318090.3,27519132.91,29788885.15,26294165.36,25242500.52,27606069.36,26621449.02,26657691.16,23966825.48,29290841.45,31992445.98,41411858.59,35319717.61,31993974.77,32980761.78,36421442.42,42374924.78,40695142.35,40032763.33,59344964.49,58289093.33,58537795.44,50150950.14,44731923.37,39200917.4,39085981.55,39645195.76,35252184.64,37232756.42,40159258.51,33352239.41,34579777.72,31944146.4,36010214.42,35480215.52,36335019.11,37438669.34,36099352.22,38697784.55,35769435.1,36434298.39,37390598.58,34916435.49,41980813.46,38767098.89,43048559.48,39688527.03,36681183.38,29371356.36
RJ,469469.34,921646.57,2994664.57,7250528.08,13627123.27,253411990.05,44128159.73,42933765.97,45324789.6,43951349.46,44143987.63,44360299.24,42502172.22,43066461.47,44553314.55,41351511.51,43045899.95,60886702.38,40686668.3,52753544.47,48919409.33,51196192.89,57242242.35,53485657.68,51265569.5,48510624.73,48692051.51,49744952.62,44413423.34,55993709.91,44834836.15,54474729.37,78146923.05,56065008.15,51435826.33,53873907.49,57867285.17,53736019.37,52379338.55,50335007.23,50891328.43,74005618.29,61222285.53,55402573.38,55818150.43,59108882.26,55205971.21,54578233.98,58008618.23,53265238.37,53054153.58,49836289.6,47982923.26,66999391.76,47271040.5,59471466.9,54121886.76,60808861.49,56045464.62,56648813.98,58643399.65,53301686.42,58053475.83,51834339.65,47964111.39,103071965.76,51344151.3,57871537.95,63931735.61,64070294.19,61924448.37,61059659.25,61686544.68,59845087.47,61004164.43,54100256.14,53363827.44,67147190.8,56663919.88,61134124.89,58730398.87,62174336.49,64001688.88,66150757.15,64974113.77,65360879.54,64164229.92,60439022.21,62375748.57,65506682.42,57978479.43,68055347.32,62444467.4,71428980.54,69753977.1,74100737.66,68768273.35,66754516.26,68368387.9,63647820.79,60131590.29,66734572.69,60191247.29,69328321.69,62968029.87,65588361.78,64809173.17,88559202.06,70551598.67,63654863.56,64368279.54,59674677.67,62984045.14,68228563.34,62241693.46,70443651.3,64606782.8,74924525.85,70124700.27,73403424.65,75321353.33,69059905.75,73320810.79,69579792.8,67627259.58,72784769.83,65115375.0,74481476.62,74717098.87,79849530.79,76015046.17,77753068.52,79265916.53,72950688.73,79333768.87,74304591.08,70938615.9,80333047.14,75228326.78,75286390.5,77239859.15,83064638.94,79400697.45,88463742.48,84182022.3,82156835.42,83295921.66,75329975.35,75679585.29,81387030.21,73667639.13,75125555.19,69739458.63,89949715.81,88477173.43,97058360.63,90552376.08,82731484.36,82275136.72,84296844.95,97266563.7,104879810.27,88022288.94,126256916.52,135931064.71,148247321.99,131722065.97,134956000.1,142507065.71,120522161.6,101644897.3,94757931.53,93380827.94,114691684.07,98335657.59,106896056.39,99878867.66,109975320.46,102534945.81,109435773.82,114905638.38,107254307.96,107725670.01,104239464.52,101646829.76,110889797.42,97306216.82,119622254.02,112608537.72,121445875.72,112334378.44,101911527.52,83021262.94
SP,1665349.9,4434168.64,14577395.84,35032259.98,76668547.41,1092387739.6,173450905.16,170838571.28,170565809.87,172706721.52,175810105.36,179763310.85,180446126.99,180445125.94,192552193.96,192430438.21,177095026.47,192801058.79,178816326.94,217207322.8,215375002.86,212918633.38,212844389.57,214243525.89,215471337.16,214705233.48,216340576.89,210006541.99,192268036.66,213703511.33,195787926.41,239750840.2,221331863.71,232360776.36,224497283.01,224515934.56,251532183.84,224414102.45,240875408.45,226135740.06,211098503.32,229340351.52,221909414.47,241582381.3,230288923.45,250900698.24,237293072.58,240610939.66,248461658.11,233778086.29,232697888.05,223820863.67,208687699.75,237168263.49,219724269.37,246266011.79,231292803.21,251938397.64,234933153.93,244728165.5,252564888.98,239089822.54,281768094.04,226127064.37,216284826.84,253909418.22,222852616.93,255328363.89,262951142.0,263117577.86,254487163.72,263408740.58,266156196.94,262144084.13,288750861.67,248606156.82,230744822.19,270823116.87,250587043.71,264500939.72,259070813.45,280116771.41,263872667.31,278478632.43,279801574.98,285536839.36,277626813.37,256583863.19,242172341.89,266338284.13,238758094.25,285815009.83,265551835.93,277420189.69,273087606.62,276170442.74,279982012.85,266196781.94,266180755.05,255029228.05,244476924.66,261390749.72,250194073.85,282094506.54,267784974.4,277586227.57,278494575.19,271617965.91,279413897.59,266260725.62,266493929.55,257620453.03,248239459.46,271984250.51,247910522.47,289566302.22,264014170.1,292468801.36,274849071.41,283845174.22,301650491.73,267556400.51,288373126.32,267741200.44,260337383.61,280138616.97,254757038.81,285491308.84,286964614.65,292140816.31,279667527.43,286853888.8,296499008.52,277955029.27,304801930.98,278570604.53,268370377.75,294752551.18,269139229.03,291647259.08,293578844.92,309586751.52,282099371.63,308369814.14,306590580.15,295111692.25,304932666.18,283572695.34,275124801.8,307345807.56,273205511.91,278895202.23,255931081.46,314882280.0,328956992.68,363182258.01,351945029.07,340539055.7,330439987.35,329401980.82,339942653.78,364211775.5,355561806.59,508893430.81,511994939.64,558023754.91,521338637.83,448822256.2,393425875.65,349685777.67,334877858.6,321358304.95,321216907.37,361903550.87,311823371.51,342019678.01,320629849.81,351082377.72,333119403.45,348180899.37,366950405.55,355143389.81,359271841.46,345571036.45,335048077.38,362751505.62,325356403.77,379581745.37,352252870.4,382190826.23,359173548.32,342126820.52,314669514.24
PR,554800.22,1431708.01,4630402.44,11120030.79,28790722.87,58081334.45,48855046.46,55611791.07,56115135.82,55574831.93,56094754.74,59802402.07,56699001.13,58091985.79,61365941.22,59667208.62,57816197.74,60381593.99,57239101.63,69070488.2,64054678.26,68685542.95,67931227.06,70958762.64,69225783.96,67849968.52,68558209.28,67158496.97,63094274.28,66902643.63,64501133.64,77138870.6,70755396.99,73456756.71,71839020.89,73013830.77,76151006.95,74240963.45,73042386.7,76364750.27,70517638.39,74712784.07,71314740.25,76914668.09,74232937.37,81709021.05,74994292.81,77031532.32,80711112.15,75628247.77,77690671.56,75102797.58,69165366.12,74223959.49,72966208.62,80913123.73,78136776.81,85401506.52,77801153.85,83520690.95,83839961.03,79187989.1,84988531.01,78726146.77,71086530.43,81233604.17,73976801.67,83934466.1,91658827.98,87747363.52,87786257.32,91300166.5,92866583.49,88693116.77,92453504.76,82386029.99,76977284.36,85535913.11,82974333.96,88169286.83,86571334.03,92568324.61,87767355.12,94614066.92,91494121.19,91343045.75,94904373.35,87565870.66,80303279.43,83539116.38,79573523.24,97763853.1,90028872.86,94201517.78,94110693.24,97516822.03,99118332.19,95940894.73,98263485.47,98791984.5,88996075.82,93324149.08,91925876.55,106199139.2,100621969.13,105829987.44,107370488.61,106333742.55,111180454.75,104105124.15,105530148.67,101123001.43,96708761.1,103855271.3,96464284.1,119141493.81,106027687.78,120535312.96,111725261.22,118590172.07,122122835.72,110976041.08,117567691.91,112457522.94,105558123.29,116133193.49,107075982.24,122331354.51,124731345.17,127095856.13,122616924.02,127991900.8,131257163.4,120647377.43,129530163.96,121810669.26,112984630.73,124159239.68,117715473.32,123907372.22,127465820.78,132614796.58,124865873.14,134747469.46,127174381.95,126210733.35,133870601.68,126221140.81,113573832.72,122331688.11,116125740.39,114786294.43,97925022.24,111050672.53,115300344.79,124153486.68,126404429.41,123625844.14,129019948.52,135278833.19,129216324.96,130565644.7,134096467.78,172846954.77,175321309.96,199378483.01,187763085.02,165404409.91,173052444.9,152458211.09,139785666.8,126306647.66,120954078.12,130961598.35,122526776.96,139842992.48,134245823.21,140247718.72,135519669.03,139122618.86,148517221.02,137358268.2,140331153.55,137205021.64,130062274.96,138244830.66,128111860.35,154753382.1,140604930.44,155577607.54,146204416.92,128719468.04,115085807.61
SC,693955.05,1092964.12,3562300.82,7578502.38,14772555.1,53034384.67,24409572.92,27483480.5,27806641.44,28354279.52,28993292.76,30049455.69,28887854.62,30725718.78,31274395.62,29998635.78,30454606.34,32082203.52,29845655.79,34921069.2,33677499.55,34053483.16,35685005.53,38337704.14,37110055.24,36516827.06,36207968.5,35451417.03,34360136.47,34093173.06,33608566.26,38776130.28,36705001.71,38085803.13,37686277.05,38574085.03,40256188.61,37840220.77,38963855.34,38297339.52,34736715.57,38839715.96,37219889.13,40786024.82,39123310.67,42630366.4,40945034.7,41805441.93,43011356.98,39879850.08,41062664.17,39076312.01,36818905.1,40494709.22,39174120.19,43074967.64,42577810.89,45915072.24,43110346.34,45055116.54,47248755.27,43236537.09,44686038.31,41191360.3,36935634.65,44881453.22,40454271.52,45613749.07,49013885.77,49004083.28,49083840.68,51627615.59,50202084.87,49990155.94,53214132.41,49771808.92,43440545.24,48166313.29,46187402.07,50711366.15,50133286.13,52070410.11,52660305.56,56215596.89,55344551.9,54800407.7,53963254.37,50806457.54,48017383.37,50095783.03,45512685.67,54932727.55,51985407.87,54968168.8,54768295.17,57327402.22,55392040.22,55516669.08,55685228.09,55064655.49,48138682.73,53383688.71,51011374.0,57604606.18,55325830.51,58612794.35,61596639.5,66625060.19,58646216.56,56247585.51,56509278.64,53386495.79,49127732.68,52421135.68,50134177.82,58977072.55,54104976.28,60275428.73,58296066.5,58405996.68,60181080.42,55168339.49,56655278.59,56101169.16,52426527.16,55233182.8,50094672.65,58907939.18,61161248.27,60125524.54,61237932.18,63709506.55,63130047.13,59385170.04,64080835.5,61633610.66,53963430.26,59452473.88,57200351.82,61547622.6,62803248.17,65906562.7,61907992.7,68759673.19,64503540.72,66152302.58,67767791.67,62660639.01,58459959.27,64767539.0,59820271.17,56982643.49,51437558.25,58105335.17,63125085.69,79506243.58,75156702.5,67940937.93,71228687.72,81214356.96,79374587.53,75671947.73,83814589.62,98399804.63,98009174.1,111979968.32,109988131.94,98442765.96,91092142.46,82415041.53,82674488.81,76503201.67,70421963.86,76542984.17,71337136.51,74811624.77,73577299.93,81049997.69,77844261.16,77695432.44,85418107.8,79444688.84,81679295.88,76781155.34,73254704.77,79488500.63,74532477.23,87295103.12,84710402.27,91972878.21,86898080.62,77542812.2,60637022.19
RS,1049252.33,3182913.14,8571312.11,16592432.8,30134255.7,51064610.03,45897704.82,52928695.92,51972416.77,51679350.79,53759674.01,56391647.77,56233758.74,57910170.98,59592124.91,57565742.08,55696920.94,61522380.02,52101637.77,65111965.49,61590828.91,64402291.62,63090640.55,69137004.88,66062629.79,65222011.32,67569409.19,64189115.3,62244282.8,65488387.87,56964528.31,69933577.14,66486835.62,69108367.47,67570770.09,70074754.73,70884009.17,65079794.92,66556015.62,66097030.85,61737098.13,66918913.09,61370763.6,69004974.8,66225068.29,72172669.74,70770992.38,70835358.17,73674390.94,68345974.5,70411134.32,68008922.1,65692039.28,71523795.74,64135041.24,73623568.14,69010258.19,76607693.0,74785423.89,76916947.25,78758125.55,69413475.17,77155562.05,69590896.9,67267196.31,78346443.99,66867562.81,76562940.15,82705691.47,82855387.3,80638411.68,87456538.74,84526389.95,81983921.89,87452330.1,82653691.49,77636567.05,83655725.66,75584443.38,82965053.06,83602553.38,87821405.54,85176008.81,90592156.29,89980046.86,90635544.74,93416548.53,86546826.85,81253607.98,85251478.27,75244263.84,95207075.63,86942229.17,91888536.34,90007690.88,92603617.28,90473944.46,87347767.93,87834001.13,86439585.98,80721707.52,85435165.82,79211931.13,89817937.75,85297352.28,91261106.84,91310016.17,90988329.52,93715417.41,86872326.19,87089975.07,81919639.76,81599478.03,87255987.99,76070420.2,93116698.0,83188379.66,95149948.63,93172414.99,94415257.59,94228158.01,86424773.65,91598179.14,85793700.48,82737574.48,91825671.54,77582012.38,91078325.19,91926773.8,91678131.98,90989887.85,94861008.1,96799643.23,87344269.09,97371100.06,90190767.67,81748880.3,92467100.02,85301000.44,91624338.7,92787953.22,99145915.34,95863320.03,103044767.94,98566147.88,94371567.58,97056229.56,91006554.37,88808609.44,97661861.43,85488519.32,84916839.0,76861351.03,87816657.61,96832405.47,108563752.53,111713954.44,110384316.71,114299609.73,117672432.52,120242915.94,115702845.92,126801072.09,169551623.3,146386732.25,159356134.37,152850822.58,133216002.73,116728674.91,113660048.24,115236700.21,110555004.18,98908683.35,111824585.98,102509202.15,108010968.2,106479353.33,112284883.7,108958100.67,112229624.82,113538603.92,103614237.77,109335652.08,106666070.36,100677626.1,108980244.34,97014819.21,119644654.44,107767197.44,119037204.73,110458179.19,99284235.46,80882863.36
MS,199556.12,573675.41,1069816.66,1995899.52,4277979.14,8301006.1,8279288.79,9793888.78,8997542.75,9842108.59,10257782.0,10167827.24,9602843.49,10272466.74,10814111.53,10371654.9,9140959.8,9771575.46,9648706.17,11784290.1,11240770.37,11155445.9,11796784.62,11956687.54,12420336.71,11489768.73,11698487.88,11286787.17,10814729.24,11570718.38,10920760.16,13204085.81,11711475.2,12671896.78,12584046.8,11808910.05,12917152.45,12429678.06,12526681.04,12305360.94,11190032.82,11894027.89,11691745.82,13243933.73,12611967.81,13435139.24,12995272.5,13187128.48,12775178.56,12413572.78,12264289.91,12363566.12,11847750.53,12708242.94,12258350.15,14182591.88,12695741.9,14762600.11,12975434.65,14392056.82,14219267.16,13022123.35,14005248.97,13038497.92,11881218.15,13730382.17,12661202.29,13981801.71,14908567.0,13990063.33,14034238.59,14489842.07,14317099.43,14966682.5,15077394.04,14313501.17,13360775.96,14476457.54,13378691.64,14784850.66,14236961.4,16186722.0,14707272.2,15417812.14,15662494.1,15341501.78,15480496.35,14624058.44,13751928.71,14710586.61,13508328.95,16604367.15,15157091.25,15502849.68,15934364.42,16527263.93,15862246.77,15302118.92,15402132.94,14072639.15,14393171.71,15403297.01,15089363.65,16639323.85,15795236.63,17030861.02,16882187.6,16414064.06,16501941.24,16560277.08,15450100.36,15362815.06,14780996.5,16560677.33,14502733.75,17888222.97,15646601.91,18212081.17,16323017.6,16892566.36,17019787.73,15808304.19,16071645.95,15687000.65,15040368.93,16146431.63,14703494.87,16969878.14,17062906.92,17068192.56,17143032.3,17435039.9,18239321.45,16963131.37,17677185.62,16363926.26,16149109.15,16902636.63,16964922.58,17259392.23,18147562.63,19143242.28,17905638.97,18126954.44,19217982.14,18904364.43,18812185.96,18316480.8,17844511.04,18654501.49,17877667.41,17395566.03,15854121.13,17502042.14,19724932.28,23638457.82,22490654.95,21375972.54,21514806.52,21566413.85,25125535.34,24827630.25,25712103.57,33705211.64,33571763.71,38469819.47,36922179.68,32668174.54,27482367.94,21723516.33,20942007.15,20957175.0,20991280.96,24028157.04,22034729.79,24069491.88,23299532.28,25850117.75,24121956.3,25587738.31,26008256.48,25163167.74,25121895.36,26067847.0,23197737.4,24817146.98,22722165.4,27067026.85,24832413.22,26537134.8,23544765.71,19841379.75,11930484.63
MT,63562.5,232444.62,927219.59,1740439.6,5394225.43,8213438.64,7929894.93,9416367.68,9390588.03,9378197.25,9450300.6,9789875.38,8987811.95,8843061.6,9237298.8,9459192.8,9210598.63,10039582.41,9326576.4,11680730.78,11102643.47,11495694.05,11386425.93,11658855.38,12339077.28,11600187.11,11262247.37,11734970.74,11065381.68,11839990.16,10826512.86,13243684.1,12240702.64,12781426.23,11614062.9,12193931.16,12213130.6,11923683.94,11703375.19,11484917.22,11231134.25,11689015.87,10872461.88,12323295.29,11875884.32,12160036.15,11896466.92,11906914.01,12516431.55,11997454.95,12373709.66,12035040.67,11176334.25,11610941.96,11145146.92,13092059.07,12644904.77,13741937.46,12133022.98,13413397.53,12803915.37,12326096.33,12975315.73,12099723.62,11701936.75,12927077.68,11344659.97,13628326.37,13339717.57,13550755.07,13047614.48,12692112.31,13552226.24,12948758.03,14073754.39,13302924.19,12034350.69,13117006.0,12804374.54,14254604.83,14038170.78,14599236.3,13846204.38,14709530.15,13939134.36,13644617.9,14958564.62,13680626.69,12811566.48,13436951.56,12774769.97,15503274.19,14768137.25,15456624.27,14043844.09,15301276.96,14906771.53,14146225.75,14840947.44,14826046.63,14027102.89,14522409.72,14414918.94,16099384.26,15275703.67,15958963.89,15586368.03,15184179.55,16209122.59,15013671.23,15111332.72,13414332.43,13606690.44,14814707.16,13946471.26,16437915.6,15835149.88,16543674.21,16194037.75,16508402.55,16749377.27,15416292.84,16251545.59,14659894.99,14473688.3,15578896.35,14592428.67,17252931.32,15921801.14,16732272.17,16075073.71,16479008.11,16011187.69,15357273.96,16834151.93,15474405.82,14234942.3,15055383.98,14478906.98,15976701.25,16026760.63,17304334.81,16131820.19,16467803.96,16532335.42,15596133.69,16564324.2,15122951.39,13839763.36,15546808.82,14460507.38,14493916.52,12187688.07,14675991.52,18546814.06,20683080.17,20937635.71,20180923.34,20460236.91,18816500.6,19579997.79,18890894.49,21546889.46,35841944.3,37953941.92,38977665.54,37647505.73,36194064.24,30924275.63,22124492.82,19118597.36,17974564.36,19008040.56,24579955.79,19546905.9,19784280.6,19485541.33,20278273.05,18488876.47,19499890.65,21267556.68,19236759.72,20301739.08,20268511.04,19723131.35,21845963.84,20012163.04,23260442.01,21828157.68,23815997.04,21520802.21,19304002.21,14789318.54
GO,179395.82,418053.58,1198730.25,2712117.54,9293914.78,79479689.74,18149374.27,20992213.03,21049477.3,19162546.79,20500800.45,20092122.03,21124230.12,21482856.97,20610541.5,20058002.42,19343787.54,20817880.66,20283626.8,24174119.21,22943952.73,23781906.69,23751875.97,23293723.39,25835544.14,25151192.72,24893623.84,24172598.58,23338667.7,24698398.99,21862807.98,26602708.51,24607122.59,30140748.5,24546627.05,24647099.1,27342129.1,26572155.97,24729254.0,24006963.52,23938327.42,25579158.99,25471498.82,30047892.28,26873816.69,27782965.37,26403306.55,26844970.28,28867593.87,27713336.18,28971725.24,26733652.03,24578961.48,27684351.19,26805013.95,29594030.58,28198855.11,27532690.46,28006639.3,26725240.89,30442211.65,28019404.58,29452691.93,27159877.38,25785706.09,29457781.97,27694012.3,31578079.43,34052677.62,32037957.08,30693306.71,30838046.73,32848134.94,32803709.69,32866076.45,30995511.82,29448208.14,31991601.57,30186539.06,30974989.77,33755496.4,34204764.98,32480092.98,33303551.27,34444400.16,35919014.63,35382520.84,34439428.4,33187084.76,33007277.66,32000428.17,38409440.21,35311252.19,35946007.13,34710223.23,36072204.32,35792984.93,36245523.64,35272066.2,33710542.08,32694706.61,33185192.38,32820467.12,36545799.13,33628686.45,34410079.1,35596287.69,32861416.26,36086649.07,34141173.2,32800928.66,31424981.51,30993401.74,34067086.76,31080020.85,37775697.19,33650654.21,37001970.44,33747844.01,33967314.82,36985115.52,32888603.63,35662272.27,32747508.54,32768515.95,34054974.2,31090120.13,34958950.51,33875676.34,36734570.94,33749076.93,35752109.88,35481530.52,33960046.15,36383435.72,35076135.44,34301529.58,34795831.02,33325194.23,35032519.11,36305244.59,38115803.21,35537473.19,36630464.87,39090894.65,36700642.17,37226960.95,36473447.11,34146457.92,36854584.02,34397687.27,34948893.16,28760754.83,35240789.38,38898447.31,46151587.64,47676041.09,48248391.76,45779315.91,41517346.0,41204761.03,44641251.65,47819447.39,74659345.39,69133474.47,70863036.77,72495377.61,73483432.12,65727613.73,51024684.19,40615639.32,42492581.71,39032631.83,45703720.35,39380142.94,43301448.37,41368203.32,42777586.72,38622834.59,40716365.82,44056306.31,41936570.79,42903331.26,42701597.02,42368644.0,46837764.92,43294415.38,49874495.02,45617227.27,48244871.0,44924389.0,42800068.39,36970491.88
DF,191951.47,769966.25,2165619.56,3813256.48,7121965.42,10561085.46,10215956.8,11627918.26,11922015.36,11900817.0,11969271.76,11299443.0,11548451.89,12422577.6,12419976.84,12302698.99,12005669.6,13150489.0,12358825.51,14445518.57,14434211.04,14622167.93,14209413.8,14459081.79,15051993.46,14045711.83,13162775.24,13197596.7,12889509.22,13484046.67,13295738.66,14928384.44,13535496.11,14394599.86,13863063.0,14051586.56,15073336.93,14636724.4,14052063.36,14277016.84,12474757.39,14611655.44,13510243.87,15156900.72,14830081.29,15039803.35,14533593.49,14152277.74,16203282.14,15545333.16,14984401.72,14517639.25,13660139.57,15243410.25,14058287.03,15756452.46,15264669.96,15568002.78,15122475.44,15049839.46,15498554.36,15242942.8,15813900.69,13666331.64,13168229.45,14102841.97,14463584.48,16204274.68,16661208.89,17035456.9,15936938.2,15619909.98,17207426.4,15938775.37,16919100.74,14950906.68,14385540.52,15347265.06,14538398.24,17060470.32,17181599.31,17255231.12,16249619.64,15587215.18,14954610.88,14309931.08,13765945.14,14020609.04,13730781.49,12285863.67,11946457.93,16993513.09,15989400.75,15248158.43,15169933.4,14584933.45,15253710.89,15831816.05,14370562.76,14396328.33,14069268.82,15556487.41,15629798.61,16692761.3,15922076.67,17503631.22,17529009.97,16547854.94,17770626.7,16588931.42,17420879.75,16551981.73,16108634.74,18097764.83,15392273.58,18699348.69,16523664.46,15531998.6,18573610.32,17541378.12,19143091.84,17949844.52,18200213.74,17409701.46,16038710.79,18976846.56,18389240.38,19746542.97,19508159.58,19463161.26,18400388.35,18783802.78,20291741.3,19388061.07,19677470.12,18397893.23,17564774.75,19662949.33,18270823.61,20046081.24,20602037.52,21101108.01,19361819.39,21514926.74,21133361.51,20963621.6,21333585.2,19617400.92,19207148.01,20429251.56,18249176.79,19661685.16,18164306.94,21662370.23,25049609.65,26462113.07,23940555.01,21800226.26,23149967.93,20747736.49,22822625.4,24484970.09,24156062.77,36441845.22,35658015.18,32462396.39,27578914.82,28285833.47,27501310.97,29489280.41,26556976.57,23930336.22,22030661.41,26682640.34,23893395.14,26630777.45,25733337.37,26361839.01,25996054.1,26142615.55,28157846.89,26710302.71,25712183.45,25605313.28,24295815.85,29294886.93,24993772.25,28977515.46,28424582.42,29875629.05,28010286.25,26311956.62,24116373.15
